concept_id,concept,lexicalization,frequency,aoa
2,dust,0.981183,124.20871,5.06
3,brave,0.920987,121.82568,6
7,gather,0.953479,400.63766,5.61
8,curse,0.827182,117.07703,7.47
9,announce,0.83327,89.37532,9.48
10,firewood,0.985767,290.26215,6.61
11,darkness,0.978983,107.65574,4.83
21,taste,0.884699,193.35714,4.26
23,rye,0.36555,107.39491,9.26
24,pray,0.820591,205.08146,5.79
27,air,0.78810500000000006,153.37768,3.94
31,pan,0.795684,133.53022,4.72
43,lead,0.908666,174.07757,6.76
49,refuse,0.71162,161.6955,9.33
56,bad luck,0.713066,99.45396,10.53
66,kneel,0.959633,93.13464,6.95
72,claw,0.889973,108.16825,4.7
73,beak,0.953106,107.70789,5.42
82,anger,0.989945,116.86858,6
98,all,0.983814,4839.44335,4.196887
112,turtle,0.895728,283.19366,4.17
113,shore,0.948567,211.51855,6.925079
117,imitate,0.877582,93.47934,9.2
119,dive,0.849052,96.23178,7.21
122,cart,0.846593,182.92919,5.22
123,forehead,0.988985,104.58437,5.58
126,sweat,0.992179,106.96983,7.26
127,extinguish,0.943375,95.74647,8.95
129,choke,0.907925,91.47426,6.11
133,weave,0.956403,111.55583,9.89
134,fault,0.769765,129.53429,6.94
138,bathe,0.98497,137.26293,5
141,burn,0.990397,295.36244,4.72
148,itch,0.956199,100.76483,5.05
154,udder,0.7945,92.39712,7.29
155,chop,0.931584,165.71886,6.74
166,mainland,0.582186,92.5203,11.63
174,proud,0.835085,108.79195,5.44
178,ripe,0.978437,194.26919,7.11
180,call by name,0.917082,1138.47234,4.74
183,bake,0.873001,150.31505,5.5
185,fireplace,0.748127,112.5833,7.37
191,nut,0.640218,166.51099,5.21
192,corner,0.91131,135.61801,5.21
193,shallow,0.933707,93.19313,7
194,family,0.868091,1010.71718,3.38
195,mat,0.797745,186.76523,4.62
199,famine,0.813541,124.08123,10
204,again,0.978433,2582.4957,5.78478
205,trough,0.792589,96.33175,7
212,field,0.942861,651.42906,6.1
213,fin,0.781036,92.12616,7.3
214,stretch,0.93818,99.51308,5.47
224,mortar,0.865276,107.78102,11.9
228,carve,0.725765,98.61779,6.35
230,sweep,0.988985,119.4483,4.2
234,paddle,0.650669,215.09579,6.58
236,stepmother,0.868059,126.8541,6.33
239,flower,0.988985,332.90339,3.11
244,left,0.988985,1452.62832,5.57164
245,broom,0.959851,110.57778,5.5
249,fog,0.958086,92.71543,6.21
256,food,0.983884,1398.74315,3.25
257,worship,0.723285,118.46056,7
262,he or she or it,0.959411,63212.777,3.568124
268,dribble,0.814665,90.76323,6.11
270,jug,0.874869,109.87899,5.83
273,dough,0.70629,97.43265,6.63
275,peel,0.969058,131.01099,6.05
277,spindle,0.773022,103.60538,10.72
281,post,0.936827,137.9863,8.11
284,hoe,0.764109,164.868,8.72
288,forge,0.52992,89.50124,9.8
296,crouch,0.881505,94.63471,8.21
300,rattle,0.703683,89.91303,4.5
302,clan,0.76026,669.18321,11.05
307,hawk,0.879024,112.67876,6.74391
318,footprint,0.904076,125.75772,5.78
319,lick,0.994828,105.89475,4.3
320,lame,0.968992,98.82161,9.21
321,chew,0.988167,136.14563,4.05
322,fig,0.4631,102.94554,8.06
323,fat,0.967919,215.73413,5.15
329,stocking,0.730777,93.21774,2.94
332,rag,0.811886,99.97781,5.22
337,pitchfork,0.614444,102.81193,3.63
342,hay,0.678854,177.98194,5.32
345,sap,0.855612,106.59491,7.53
352,untie,0.966434,98.49349,4.84
363,dwell,0.969579,940.64281,6.1
365,splash,0.872004,89.07829,3.67
367,ride,0.884468,239.19618,4.67
369,owe,0.872165,114.90873,8.61
378,pinch,0.905363,96.9887,5.5
383,master,0.849161,139.68316,5.95
390,punishment,0.782785,95.68784,5.47
391,bless,0.679946,117.84247,5.33
392,magic,0.828947,189.38555,5.52
410,yam,0.480628,287.08098,8.34246
411,gourd,0.868403,151.06343,10.65
420,forest,0.982371,430.79421,6.28
471,upper leg,0.981662,106.98575,6.42
476,cup,0.920173,129.96443,3.57
478,lip,0.999149,102.21475,3.79
479,grow,0.993867,359.40178,4.79
480,plate,0.913777,151.30607,3.84
481,dish,0.867156,201.5809,4.89
485,disappear,0.927022,112.40333,5.37
488,manner,0.72247,2167.125,5.39
489,kidney,0.909628,96.47074,9.33
492,three,0.874646,1557.53774,3.685351
493,five,0.843272,505.57201,4.50594
499,cure,0.977598,156.21995,7.47
501,lift,0.99703,215.6452,4.74
503,frog,0.970504,405.86094,4.32
504,learn,0.977713,217.90526,4.44
505,parents,0.847011,562.76872,4.22
506,maize,0.929139,280.98966,4.61
509,certain,0.864967,198.70876,4.85
522,wolf,0.678995,213.11221,4.5
525,blood vessel,0.897203,89.09899,8.53
526,howl,0.827898,90.08374,5.55
539,nest,0.966357,146.17257,5.11
568,rise,0.9728,173.31352,6.72
578,kiss,0.96764,97.25935,3.61
579,battle,0.837937,383.71759,6.95
580,fur,0.822169,142.14099,5.22
584,difficult,0.955997,587.26461,4.39
585,boot,0.591468,123.76587,3.89
586,garden,0.839836,410.11313,5.33
587,ant,0.95001,152.76915,4.32
590,naked,0.981235,95.8304,4.68
593,potato,0.713859,310.96346,4.84
597,physician,0.887853,201.91596,4.6
598,shell,0.86282,192.94795,5.22
603,coat,0.678458,122.31447,3.58
604,glass,0.812479,165.46276,4.47
605,grain,0.803587,152.50395,7.44
606,grass,0.995356,376.77597,3.94
610,port,0.65784,99.49783,8.28
615,horse,0.951137,1229.01538,4.15
617,ice,0.835872,127.84423,3.86
618,precipice,0.844795,143.59304,7.27676
619,animal,0.921842,499.10827,2.89
620,insect,0.6426,107.7085,4.75
621,iron,0.843549,203.77261,7.32
622,island,0.795272,259.39972,7.41
623,lagoon,0.566066,112.61404,9.42
624,lake,0.889431,264.1734,4.61
626,land,0.974148,1380.60695,4.89
628,leaf,0.995995,806.28872,4.6
629,leather,0.961565,111.66516,7.25
631,livestock,0.743275,106.38377,7.89
632,lizard,0.942617,130.66575,5.42
633,market,0.769853,274.36916,7.16
634,meat,0.98716,641.9648,4.42
635,milk,0.98219,397.21209,3.37
636,mill,0.762886,220.04212,8.17
640,mud,0.989205,154.76367,4.05
641,mushroom,0.895486,136.59942,6.44
645,ocean,0.694864,130.55583,4.74
648,paper,0.968717,169.94417,4
649,pasture,0.749424,109.96529,6.33
653,plant,0.811081,672.99474,3.95
655,poison,0.916742,160.46761,5.58
657,price,0.862185,131.85792,7.35
660,reef,0.335434,190.21413,9.72
661,religion,0.587584,160.13863,7.06
663,bay,0.480127,126.336,8.67
665,bee,0.964211,160.99532,5
667,road,0.977827,669.06184,4.55
671,sand,0.995995,136.33306,4.63
672,early,0.872734,280.6699,5.305215
673,school,0.863396,880.07962,3.89
676,shit,0.996179,97.9929,13.2
677,axe,0.989205,228.38234,6.11
678,beard,0.988985,97.29898,4.84
679,bright,0.924647,110.95387,6.58
680,break,0.996179,301.5968,5.3
681,destroy,0.917772,153.84291,6.7
682,side,0.97701,1305.66902,4.72
684,own,0.848145,631.73281,5.209302
686,easy,0.912364,165.91746,5.43
690,bottom,0.938954,190.69748,5.28
691,season,0.701258,236.40998,6.05
692,bring,0.980394,916.32253,4.42
694,get,0.922762,2523.96256,3.17
698,wise,0.858191,118.98184,6.79
700,carry,0.978778,520.48435,5.16
701,slow,0.99703,281.9161,4.15
702,catch,0.934794,156.51195,5.37
703,soon,0.899408,232.67991,4.82565
704,clean,0.947184,278.88548,3.89
706,dark,0.87588,261.54687,3.74
707,remember,0.994951,375.92688,5.63
708,shine,0.968139,109.96601,5.79
709,teach,0.976381,247.4256,4.67
710,wheel,0.89419,101.23175,4.4
711,tall,0.977106,139.87478,4.95
712,rich,0.950536,227.12907,6.32
713,steal,0.985592,190.45361,6.17
714,seed,0.960091,313.26728,4.72
715,shout,0.992527,180.2833,4.72
718,pay,0.94529,285.60897,5.5
719,find,0.984561,739.1409,5.78
720,good luck,0.739194,104.78627,6.53
721,low,0.944941,135.76142,4.7
722,attack,0.723683,105.64348,6.58
723,place,0.900346,2621.6798,4.95
724,read,0.956764,172.80272,4.11
728,first,0.979097,1399.11656,4.388713
730,snake,0.988389,772.72164,5.1
733,earn,0.730736,113.55073,7.57
735,owl,0.923888,135.30941,6.21
736,yard,0.845026,260.08446,3.94
738,thing,0.892105,2813.79181,4.58
740,ship,0.710295,181.77046,5.33
741,drive,0.876565,210.69432,5.26
742,end,0.928203,573.32691,4.28
744,egg,0.993066,294.71046,3.89
748,sow seeds,0.905015,131.66452,9.67
749,enter,0.985674,283.64834,5.67
752,store,0.779546,205.71887,4.76
753,pupil,0.87096,135.97003,5.94
754,hurry,0.978543,154.05535,4.44
755,deny,0.769821,153.68724,7.8
757,button,0.821905,90.62595,4.78
758,heron,0.74683600000000006,107.51813,10.35
759,silver,0.819211,123.93805,6.21
760,knot,0.89389,97.54136,6.05
761,cover,0.967969,225.34096,5.42
762,outside,0.880854,431.38323,3.578781
765,move,0.952527,625.04212,4.62
767,corpse,0.951274,104.08766,10
769,roof,0.962664,205.6261,5
770,earring,0.882559,172.95954,7.17
772,belt,0.96446,163.83977,4.62
777,flute,0.904616,109.80005,8.47
779,part,0.926228,785.07557,4.89
781,fear,0.985626,172.39973,4.79
783,victory,0.816055,107.84822,7.53
784,snow,0.660601,160.98443,4.11
788,soap,0.894943,111.41526,3.17
790,ready,0.883453,378.97218,5.53
792,boil,0.983894,199.97955,6.6
794,pen,0.824617,91.09337,5.11
798,jaw,0.941048,102.01912,5.33
799,wrist,0.893927,95.14901,5.94
801,rib,0.99027,98.76304,6.3
803,ankle,0.929423,98.73653,4.89
806,blanket,0.933131,139.25658,3.61
809,trousers,0.936231,208.55678,5.94
811,soul,0.969391,356.43617,6.17
812,slave,0.729197,112.52059,7.84
816,half,0.939518,332.66789,5.454413
820,lamb,0.720515,98.02076,4.15
827,roll,0.930983,127.16255,4.47
832,bean,0.901408,163.5256,3.42
834,buttocks,0.967423,111.1009,3.73
837,blue,0.9976,123.23587,3.53
843,spider,0.986095,119.69013,3.43
850,square,0.693999,121.12789,4.11
851,stable,0.732555,92.78572,7.75
852,priest,0.752344,129.57713,7.1
854,kettle,0.779819,99.00611,8.06
855,seize,0.9873,90.57512,10.15
858,storm,0.884158,100.43324,4.94
859,stove,0.706858,183.33933,4.32
860,cause,0.774675,144.64215,5.84
861,judge,0.646541,111.64658,8.85
862,sugar,0.913342,282.36541,3.95
863,edge,0.96219,178.23479,6.17
864,pumpkin,0.874669,179.61422,4.78
873,tax,0.570921,110.20384,8.94
878,hell,0.700744,105.38974,5.11
882,parrot,0.90288,122.1492,5.58
884,share,0.939052,179.52792,4.84
887,bitter,0.989205,166.18135,8.81
889,flame,0.916348,102.59958,6.25
890,mule,0.676992,92.96971,5.65
891,tide,0.361161,155.15742,6.68
892,time,0.717737,3087.22046,5.16
897,swallow,0.978437,104.63472,5.17
906,tree,0.975256,2297.67193,3.57
908,drum,0.858272,283.74978,4.63
911,temple,0.815817,685.13461,5.15
913,crow,0.719523,311.63977,5.74
917,ornament,0.681298,97.3114,6.1
921,valley,0.825744,119.57745,7.94
923,love,0.981971,246.08516,5.17
924,vegetables,0.671975,175.05689,4.17
925,cassava,0.606241,116.00256,9.16
926,rice,0.846112,406.63585,3.72
930,village,0.936056,1726.89634,7.84
932,barley,0.417756,103.65199,9.8
933,wall,0.919659,184.08911,3.79
937,bird,0.974006,733.98399,3.52
938,mare,0.808028,132.59728,8.84
942,honey,0.984829,182.35553,5.44
943,waterfall,0.715604,112.7691,5.47
945,spear,0.834119,277.92105,7.22
948,water,0.999149,1806.90196,2.37
951,weapons,0.708188,127.17416,6.95
952,weather,0.617217,112.66855,5.94
956,flee,0.966264,95.42478,8.33
957,whale,0.432587,106.85166,5.47
963,book,0.919716,192.55962,3.68
964,wool,0.731078,106.64543,8.06
965,world,0.915112,433.68881,5.32
970,coconut,0.56375,710.96111,6.5
974,tobacco,0.911763,194.82441,7.39
977,arrow,0.932069,313.30004,6.07
978,wave,0.799177,121.92951,4.26
979,farmer,0.712611,149.21777,4.74
984,work,0.969083,1542.36133,5.86
987,remain,0.971102,115.15171,8.17
989,clear,0.859791,196.97922,5.8
996,deaf,0.997928,113.62637,6.83
998,put,0.970643,3490.8235,3.72
1000,anxiety,0.907803,150.00142,6.61
1001,blacksmith,0.624284,118.05299,9.84
1002,statue,0.600666,92.32349,7.55
1005,twins,0.885017,121.70016,6.06
1006,brick,0.704005,108.65785,6.43
1007,cow,0.947046,827.71133,3.94
1008,bull,0.867157,264.73285,4.53
1010,boundary,0.794313,97.01103,8.35
1011,bridge,0.905173,187.55344,5.58
1014,or,0.7566,2524.08582,4.143602
1021,towel,0.743119,102.70239,3.22
1025,whistle,0.95621,183.19479,5.42
1033,grind,0.989927,177.21835,7.58
1035,good,0.994336,2232.42907,3.55
1038,teacher,0.926056,216.02837,4.55
1039,show,0.958675,341.06775,4.55
1044,pillow,0.856539,93.99606,3.47
1046,shut,0.984561,115.86773,4.89
1062,law,0.735753,524.0816,8.33
1063,nephew,0.850458,127.82579,6.37
1067,judgment,0.554563,90.95574,8.939252
1068,court,0.530253,135.7241,8.39
1069,glue,0.818346,88.40518,4.67
1071,hook,0.875631,114.31323,6.26
1075,trap,0.844388,198.5904,6.44
1077,wheat,0.622939,116.36243,6.53
1079,feel,0.914345,343.20492,5.11
1081,bill,0.64405,120.63184,6.4242
1082,merchant,0.779288,134.61835,9.8
1085,follow,0.978585,312.79581,5.11
1095,let go or set free,0.871509,112.40096,8.53
1098,weigh,0.868949,105.00692,6.62
1100,cook,0.973407,499.21134,4.22
1102,climb,0.963209,362.24731,5.3
1103,sacrifice,0.688065,152.85508,9.61
1109,wound,0.948637,218.83191,5.84
1113,wrap,0.995108,128.23936,7
1115,speech,0.779026,166.4631,6.22
1119,divide,0.931075,181.97372,6.25
1121,secret,0.825137,112.12859,5.39
1123,pregnant,0.996803,173.88485,6.76
1124,pipe,0.686534,126.88912,8.17
1125,bald,0.95268,144.99115,7.26
1127,send,0.940317,252.28756,5.68
1133,match,0.89343,131.42139,5.72
1135,kick,0.968805,107.68844,4.06
1136,rabbit,0.888736,293.14224,3.94
1141,pity,0.905589,157.87904,8.72
1143,oven,0.728479,144.40933,5.67
1145,swamp,0.878556,114.03883,7.95
1149,orphan,0.920228,126.1059,6.94
1150,thunder,0.987397,105.15677,4.89
1153,cattle,0.84273,335.55047,6.53
1155,cave,0.920841,253.64297,6.74
1156,open,0.9839,438.43412,5
1159,fart,0.851152,121.28827,5.78
1161,thread,0.97819,147.98083,6.61
1162,intention,0.729298,129.70410999999999,8.37
1169,ox,0.734976,262.88125,4.72
1171,mirror,0.939118,126.62501,4.89
1172,shoot,0.95251,307.64637,5.53
1174,yesterday,0.991433,219.64469,4.580539
1175,ghost,0.862896,108.69254,5.06
1176,spade,0.724508,106.78749,8.11
1185,vulture,0.778943,123.37566,8.89
1188,charcoal,0.947805,128.00878,8
1201,feather,0.98592900000000006,204.88988,4.67
1202,big,0.995953,1793.3455,2.89
1207,young,0.950332,793.87834,4.61
1210,heavy,0.994,172.15264,4.05
1216,mother,0.92276,2190.31732,2.63
1217,father,0.986984,2342.12614,4.11
1218,rope,0.981524,314.43227,5.44
1219,worm,0.943511,168.11678,3.89
1222,penis,0.954823,107.4375,8.53
1224,liver,0.987133,127.15125,8.56
1226,year,0.968362,1307.62396,5.24
1227,board,0.882109,128.26386,7.84
1228,earth,0.969954,1164.31767,4.89
1229,old,0.989419,2355.04423,3.72
1231,new,0.988985,359.44126,4.72
1232,warm,0.923513,164.00231,4.65
1234,smooth,0.955641,124.08493,5.61
1235,who,0.963098,3509.43645,3.813235
1241,some,0.900349,2028.41856,4.846964
1243,wide,0.972951,132.11139,5.84
1244,thick,0.987864,130.56805,5.61
1245,butter,0.554344,124.94195,5.78
1246,small,0.995953,1309.54564,3.22
1247,ear,0.988289,290.66981,3.63
1257,wing,0.989965,147.98212,4.79
1261,sing,0.987536,349.41001,3.47
1262,brother,0.834258,1667.1301,3.63
1263,sister,0.817176,763.10009,3.68
1264,change,0.961679,239.02651,4.26
1265,high,0.992985,510.09704,4.58
1267,narrow,0.989205,107.24591,7.57
1269,no,0.977153,4217.49315,2.715564
1270,why,0.958396,1508.43676,3.97309
1272,aunt,0.76985,219.76916,3.8
1273,candle,0.869262,161.13287,5.37
1274,salt,0.994987,227.41108,5.05
1275,answer,0.975182,257.371,5.43
1276,autumn,0.630691,99.29355,6
1280,fall,0.986259,547.13269,4.71
1281,prison,0.839857,200.96005,5.74
1283,today,0.995356,1017.54947,4.772365
1287,cold,0.988985,237.99456,3.95
1289,baby,0.990499,329.59705,3.84
1290,elephant,0.581304,175.17762,4.8
1293,mistake,0.861718,143.24311,5.78
1297,leg,0.982157,635.79036,3
1300,country,0.902274,317.20167,6.39
1302,fork,0.716174,102.81193,3.63
1303,finger,0.996179,186.42756,3.43
1305,chimney,0.607811,94.86645,6.58
1306,queen,0.608839,96.4547,4.42
1307,language,0.972231,1065.15085,6.79
1308,doubt,0.764311,92.52182,8.79
1309,ask,0.998875,585.64953,2.89
1310,clever,0.889955,125.56115,7.5
1312,fox,0.799267,285.4083,5.017476
1313,moon,0.989965,219.2928,4.83
1316,tent,0.674887,228.41558,5.16
1318,chicken,0.959845,322.7467,3.26
1322,breakfast,0.687993,110.61804,3.47
1323,clock,0.809932,98.32331,4.42
1324,slip,0.947028,104.48801,6.17
1325,friend,0.973546,829.63096,3.57
1327,uncle,0.762886,488.00027,4.47
1329,tomorrow,0.992985,424.21034,5.187988
1331,sheep,0.854118,332.43793,4.25
1332,neighbour,0.885818,209.80652,5.06
1333,neck,0.993932,311.9236,3
1335,white,0.997837,682.97181,4.06
1337,pig,0.975599,587.22664,3.84
1338,peace,0.754163,154.29994,6.32
1342,summer,0.900086,156.24357,4.33
1344,ram,0.714446,104.16575,8.32
1346,throat,0.996077,136.07758,5.09
1348,boar,0.85131,128.09262,9.83
1350,monkey,0.864103,363.60494,4.21
1352,knife,0.962593,300.82189,4.15
1353,hour,0.782371,182.12267,5.85
1357,daughter,0.982188,719.5141,4.95
1358,enemy,0.92228,148.99267,7.26
1360,duck,0.940747,204.93494,3.5
1361,tool,0.6994,146.85155,5.37
1363,voice,0.935819,203.33503,4.83
1364,healthy,0.946429,148.05972,7.56
1366,boy,0.987723,1688.5471,3.67
1368,bread,0.849291,312.24116,3.58
1369,gold,0.844131,306.2646,7.1
1370,month,0.985062,495.50101,5.79
1371,knee,0.999149,170.03486,4.42
1372,medicine,0.984689,250.74101,4.89
1374,ring,0.877118,214.86923,4.53
1375,window,0.862116,178.04382,4.74
1376,now,0.987615,4919.21869,5.25193
1378,spoon,0.961931,169.87982,2.5
1381,shoe,0.92937,248.16209,2.6
1382,needle,0.988985,113.548,5.32
1384,second,0.777361,442.25062,4.68
1385,pepper,0.695061,108.1542,5.47
1386,lion,0.775695,230.74464,4.42
1387,arrive,0.985986,287.83895,6.26
1388,shade,0.997928,216.38251,5
1389,toe,0.989343,92.84065,3
1390,wrong,0.884782,242.60382,4.22
1391,town,0.889242,404.01535,5.11
1396,sharp,0.99891,194.92537,6.11
1399,clay,0.953422,150.04697,5.32
1401,drink,0.999178,692.16097,3.47
1403,bite,0.995953,231.46189,3.58
1405,name,0.983145,1141.65778,3.68
1406,far,0.84441600000000006,681.36517,4.878935
1410,know,0.98424,3657.10898,4.5
1413,play,0.993932,561.25412,4.1
1414,squeeze,0.963957,131.52279,5.42
1415,think,0.972636,977.27484,4.75
1416,sit,0.989205,676.03287,3.47
1417,kill,0.992985,777.87391,6.35
1420,count,0.947465,173.42033,2.61
1421,suck,0.986265,116.6875,5.58
1423,fight,0.966737,279.80045,5.47
1424,yellow,0.991859,142.52512,3.2
1425,green,0.980505,184.54869,3.79
1426,expensive,0.947256,121.34211,6.33
1427,beautiful,0.99703,406.15995,5.72
1430,star,0.996077,135.59567,3.89
1435,hunt,0.959093,176.83296,6.06
1439,swim,0.97985,126.82808,4.17
1440,spit,0.997928,124.77392999999999,5.06
1442,stand,0.98219,544.74518,4.39
1443,walk,0.98219,587.46421,3.45
1448,hold,0.904088,398.72331,4.67
1449,rub,0.970852,164.64378,4.83
1450,room,0.833837,316.491,4.22
1452,push,0.974796,121.73955,4.26
1453,wash,0.988985,325.23038,4
1457,sew,0.991199,142.08932,6.05
1458,say,0.980488,5890.24175,3.42
1463,drunk,0.967033,233.07765,9.26
1464,ladder,0.903027,271.39629,4.39937
1467,circle,0.856026,136.71962,3.67
1468,look for,0.995356,232.74338,8.72
1469,week,0.753933,258.11188,5.11
1470,fold,0.967526,105.03277,4.95
1472,key,0.829148,91.09709,3.58
1474,sea,0.846713,608.2714,4.74
1475,comb,0.974892,116.41577,5.5
1476,chair,0.952121,143.02032,3.43
1477,keep,0.808473,511.0261,4.42
1480,body,0.995675,422.92083,4.28
1481,hammer,0.844838,105.48756,5.42
1483,nine,0.777564,165.76421,3.2271
1484,oil,0.859393,196.10237,7.33
1485,below or under,0.895824,555.19615,5.667553
1487,pour,0.980118,269.44371,5
1489,cloud,0.992179,136.76251,3.63
1493,one,0.897777,9207.70076,3.2271
1498,two,0.886916,3705.60065,4.239515
1500,four,0.843976,587.83302,4.93222
1501,bore,0.951091,98.57926,7.14
1502,goat,0.832451,428.33279,5.21
1506,measure,0.942025,113.67116,7.53
1507,fruit,0.93765,1126.36202,3.63
1508,king,0.733947,484.00675,5.42
1509,mosquito,0.938419,155.23693,6.1
1510,chin,0.914378,94.14857,4.22
1511,rooster,0.950037,169.07358,6.41
1513,think,0.863405,164.48849,5.44
1514,hen,0.950018,166.17631,6.39
1515,ten,0.90828,353.51463,3.578781
1518,stupid,0.957296,119.32118,4.4
1521,seem,0.831384,145.04523,6.67
1523,forget,0.992985,162.33562,4.78
1524,wine,0.678729,239.42888,7.9
1526,meal,0.820979,192.00832,4.74
1528,forgive,0.824038,109.90613,5.44
1529,last,0.963884,336.72309,4.346085
1530,bowl,0.900393,165.22163,4.26
1535,sword,0.777952,137.52812,5.45
1536,understand,0.955012,335.50767,6.17
1537,springtime,0.68152,197.59594,5.5
1539,basket,0.93907,660.41203,5.67
1540,eyelash,0.949595,93.22601,5.8
1544,sometimes,0.866836,335.22412,6.370915
1545,host,0.731448,95.37435,8.05
1546,twice,0.902382,163.0599,5.89135
1547,soup,0.98524,172.43206,5.37
1548,ugly,0.981257,127.38012,4.17
1558,similar,0.981805,119.49152,7.33
1559,money,0.990165,766.2463,5.11
1561,army,0.706301,168.7513,7.15
1562,mind,0.851802,206.43863,5.37
1564,lazy,0.979493,161.03185,6.39
1565,heaven,0.843754,121.22567,4.22
1567,door,0.981971,638.61768,3.05
1569,cheese,0.576525,109.73495,4.33
1571,sell,0.96886,274.10959,7.05
1572,surprised,0.853146,164.80681,6.63
1574,float,0.940381,97.53118,5.39
1583,brain,0.99186,108.05398,5.76
1586,smell,0.926627,175.2661,4.22
1592,chest,0.999235,181.21058,5.05
1593,deep,0.988985,171.67535,5.47
1594,flour,0.914785,179.42746,6.89
1596,lock,0.723243,122.29578,5.74
1599,word,0.969913,503.60667,4.42
1600,skirt,0.83853,137.45279,5.67
1601,weak,0.97506,122.93921,5.58
1605,skull,0.885123,89.64468,6.33
1606,inside,0.896646,16568.83689,3.685351
1607,hate,0.942878,108.65576,5.53
1608,listen,0.983137,420.63942,5.4
1609,idea,0.764906,931.31281,5.89135
1613,color,0.728498,170.92445,3.5
1616,cloth,0.959365,224.81734,5.3
1618,grandson,0.954387,113.26307,5.89
1619,granddaughter,0.947499,101.81389,4.68
1620,son,0.982188,1017.65752,3.78
1622,shirt,0.899748,204.40452,3.53
1623,speak,0.996294,1757.16044,3.56
1624,empty,0.983365,172.92385,4.79
1626,explain,0.868248,140.23999,6.5
1627,chain,0.806208,142.28083,5.22
1629,evening,0.938199,404.91346,5.84
1631,fast,0.983882,301.82741,3.738636
1632,floor,0.928071,185.95889,4.44
1633,flat,0.922096,198.64306,5.68
1634,hundred,0.806499,255.70804,5.47
1635,obey,0.963592,105.42828,5.44
1639,beer,0.685495,155.0817,6.11
1640,sibling,0.707548,215.95395,7.58
1642,niece,0.833856,110.49027,7
1643,cousin,0.825861,166.04443,4.95
1644,relatives,0.976042,386.87301,6.47
1645,short,0.978951,308.91717,4.32
1646,girl,0.983945,1683.22435,4
1647,foal,0.778429,136.53976,8.44
1651,tear,0.987133,164.63182,4.89
1653,blind,0.996077,130.48632,7
1654,lightning,0.993815,181.20917,4.76
1656,never,0.857235,526.98095,5.070761
1657,true,0.96463,306.73436,4.644481
1663,bed,0.981971,286.3559,2.89
1664,raft,0.643128,98.63014,7.35
1666,mute,0.943938,112.38688,9.84
1667,hole,0.967614,551.22984,5.05
1668,grief,0.976113,96.95522,5
1669,ancestors,0.919348,230.65443,8.61
1671,tower,0.524112,110.54355,6.33
1672,write,0.989205,229.36661,4.89
1674,poor,0.961504,502.53853,6.11
1675,promise,0.817418,100.29775,5.67
1676,always,0.932218,535.0849,6.264345
1682,guilty,0.687698,105.1894,8.05
1686,behind,0.896646,501.93094,4.900249
1687,praise,0.817741,104.86617,7.95
1689,smoke,0.891941,281.95505000000003,4
1690,fence,0.918633,267.87898,6.28
1702,holy,0.6367,193.91905,5.55
1703,six,0.799054,289.048,5.25193
1704,seven,0.777101,350.51662,5.3585
1705,eight,0.783632,273.42087,5.3585
1706,eleven,0.812625,125.13418,5.78478
1707,twelve,0.795674,194.84928,4.484626
1709,fifteen,0.783239,168.66857,6.10449
1711,tell,0.898293,1789.3684,4.26
1712,oath,0.495495,90.95498,11.39
1725,correct,0.962313,1444.62046,4.346085
1726,wet,0.99703,184.43193,2.47
1728,rotten,0.981958,132.87287,6.95
1730,cheek,0.982916,111.27189,5.06
1733,rainbow,0.950748,158.46152,4.26
1743,join,0.932422,131.61009,5.83
1745,hip,0.915694,106.54791,6.17
1747,custom,0.865791,156.95506,8.36
1750,choose,0.9332,150.4068,4.74
1752,leave,0.965031,772.80471,5.58
1753,top,0.983092,774.58714,3.89
1754,bracelet,0.803963,162.59227,5.68
1756,widow,0.972121,102.12451,9
1766,finish,0.99703,353.54418,6.32
1767,scrape,0.964192,127.22236,6.21
1768,foam,0.960607,96.06846,6.15
1773,grave,0.956107,257.12454,7.06
1774,stingy,0.963066,91.37536,7.78
1775,table,0.929017,256.68872,4.39
1776,shame,0.960131,112.22743,6.55
1779,dare,0.713365,116.52782,6.63
1782,guest,0.853735,198.7618,6.21
1783,pain,0.988985,198.81406,4.26
1784,want,0.935954,1841.70918,4.16
1789,age,0.828781,214.89062,4.38
1791,butterfly,0.974039,154.59403,3.67
1793,bat,0.970717,266.68275,4.85
1801,child,0.829008,4939.97401,4.28
1803,wood,0.989546,469.99644,4.58
1807,afternoon,0.9158,264.43515,4.65
1810,danger,0.798502,92.09943,4.61
1811,sound or noise,0.948083,413.96854,3.72
1812,try,0.913816,391.97238,3.44
1817,west,0.908431,269.66366,5.89
1820,bear,0.651271,479.07162,3.58
1823,borrow,0.893252,94.28518,6.95
1828,ask,0.96194,100.62681,8.74
1831,meet,0.974636,292.38006,4.74
1833,dinner,0.596791,139.47614,3.99
1838,navel,0.988985,118.61322,3.78
1839,cry,0.998717,725.11074,2.78
1840,build,0.948849,324.6005,4.45
1843,thousand,0.749201,219.21536,6.6
1844,boat,0.874041,283.29498,3.84
1845,ball,0.849665,195.03878,2.9
1847,sick,0.993932,430.11161,4.05
1848,quarrel,0.949527,111.67331,8.32
1850,cotton,0.902324,145.90022,6
1851,pocket,0.793345,176.54442,4.74
1852,often,0.866704,353.85758,6.53077
1853,dove,0.902424,129.91299,6.63
1856,soft,0.990583,145.99938,3.95
1857,crocodile,0.80731,151.54239,4.78
1858,fisherman,0.853908,110.37537,5.16
1859,third,0.740217,274.08956,4.580539
1860,bead,0.793851,133.20178,5.63
1862,donkey,0.769466,172.72173,6
1867,coin,0.855673,114.4059,4.17
1869,buy,0.97655,415.46846,5.56
1871,camel,0.511968,279.97652,5.11
1875,regret,0.829191,219.67308,3.44
1879,dance,0.983343,834.84809,4.63
1881,enough,0.982501,400.29254,6.95705
1882,before,0.869925,1157.90151,5.454413
1883,in front of,0.842434,479.24344,5.187988
1886,armpit,0.967061,109.39975,6
1887,cheap,0.921021,89.825,7.11
1888,pair,0.89319,126.12586,5.94
1890,believe,0.953827,216.57818,5.78
1892,touch,0.974511,190.47268,5.16
1895,clothes,0.992179,495.3149,3.11
1897,help,0.983172,680.46894,3.65
1899,mad,0.961427,115.90439,5.22
1901,shovel,0.820649,102.22753,6.28
1905,eagle,0.723318,258.95345,5.83
1906,sour,0.993284,156.7304,4.89
1909,shake,0.970704,170.59,5.26
1913,press,0.935384,126.83426,6.4
1914,debt,0.847856,108.56934,10.44
1917,tie,0.989205,222.76561,4.74
1920,dream,0.981384,164.37757,4.88
1923,rough,0.90859,113.43617,6.21
1926,ointment,0.743477,98.83383,7.9
1927,bamboo,0.829391,469.24368,9.28
1928,cease,0.962826,576.86926,4.28
1929,study,0.848512,268.80105,6.58
1932,guess,0.802472,123.03163,5.44
1934,beggar,0.827693,98.65076,7.63
1936,deer,0.940371,322.00069,5.17
1939,swear,0.571086,122.50988,7.21
1940,guard,0.731353,172.13294,6.25
1941,soldier,0.875926,151.85841,6.94
1942,near,0.992985,757.13277,4.5
1948,saw,0.879418,1599.89577,5.3585
1961,necklace,0.931937,104.76141,5
1963,immediately,0.936103,202.59073,6.765224
1970,canoe,0.749377,496.71009,6.63
1973,demon,0.909862,167.70292,7.16
1979,chisel,0.597179,89.92111,10.53
1992,more,0.942311,971.27907,3.781264
1997,preserve,0.91102,90.96987,8.72
1998,command,0.880345,395.50991,6.26
2001,painting,0.841661,98.15612,4.45
2003,flow,0.934047,124.56324,7.4
2004,bend,0.992985,111.87943,5.56
2007,bolt,0.87673,181.20917,4.76
2008,rescue,0.897053,130.12166,5.44
2012,collar,0.754537,91.08782,6.56
2013,bait,0.668071,114.43822,7.11
2017,mix,0.977278,183.20479,5.11
2018,greedy,0.787793,108.1865,7.53
2022,admit,0.809365,96.68027,7.11
2023,crowd,0.890027,103.60787,7.14
2125,stone or rock,0.979501,1020.3654,3.22
2130,headgear,0.970489,403.11113,3.33
2131,torch or lamp,0.929616,106.31159,4
2132,sickle or scythe,0.701651,110.31105,11.35
2133,strike or beat,0.989205,1203.81569,4.75
2135,trade or barter,0.877489,111.96818,6.42
2137,magician,0.903041,195.97658,4.78
2139,muroid,0.988985,298.31808,4.94
2146,roast or fry,0.987195,165.53081,5.79
2249,thin,0.983351,117.21088,6.47
2252,path,0.981971,217.5887,6.11
2253,drip,0.951484,124.38455,5.89
2260,female,0.983031,178.11607,5.89
2261,male,0.987675,161.67613,5.63
2262,female,0.911927,178.11607,5.89
2263,male,0.919715,161.67613,5.63
2866,drop,0.896043,156.78131,3.26
3189,stab to death,0.936769,101.69946,6.4
3199,twist,0.964285,92.34224,6.46
3206,elf or fairy,0.504122,155.13206,4.32
3210,knife,0.973292,300.82189,4.15
3223,branch or twig,0.988985,536.57865,5.11
3294,braid,0.939734,111.55583,9.89
3311,flowing body of water,0.985346,1090.81197,4.9
3456,crawl or creep,0.975488,139.50238,3.89
